"","x"
"1","nube"
"2","nube"
"3","multinube"
"4","nube"
"5","nube"
"6","nube"
"7","nube"
"8","multinube"
"9","nube"
"10","nube"
"11","nube"
"12","nube"
"13","nube"
"14","nube"
"15","nube"
"16","nube"
"17","nube"
"18","nube"
"19","nube"
"20","nube"
"21","nube"
"22","nube"
"23","nube"
"24","nube"
"25","multinube"
"26","nube"
"27","nube"
"28","nube"
"29","nube"
"30","nube"
"31","nube"
"32","multinube"
"33","nube"
"34","multinube"
"35","nube"
"36","nube"
"37","nube"
"38","nube"
"39","nube"
"40","nube"
"41","multinube"
"42","nube"
"43","nube"
"44","multinube"
"45","nube"
"46","multinube"
"47","nube"
"48","multinube"
"49","nube"
"50","nube"
"51","nube"
"52","nube"
"53","multinube"
"54","nube"
"55","multinube"
"56","nube"
"57","multinube"
"58","nube"
"59","nube"
"60","nube"
"61","nube"
"62","nube"
"63","nube"
"64","multinube"
"65","nube"
"66","nube"
"67","nube"
"68","nube"
"69","nube"
"70","cieloDespejado"
"71","multinube"
"72","nube"
"73","multinube"
"74","multinube"
"75","nube"
"76","multinube"
"77","nube"
"78","nube"
"79","nube"
"80","multinube"
"81","nube"
"82","nube"
"83","nube"
"84","multinube"
"85","nube"
"86","nube"
"87","cieloDespejado"
"88","nube"
"89","nube"
"90","nube"
"91","nube"
"92","multinube"
"93","nube"
"94","cieloDespejado"
"95","nube"
"96","nube"
"97","nube"
"98","nube"
"99","nube"
"100","nube"
"101","nube"
"102","nube"
"103","nube"
"104","nube"
"105","nube"
"106","nube"
"107","cieloDespejado"
"108","nube"
"109","nube"
"110","cieloDespejado"
"111","nube"
"112","cieloDespejado"
"113","nube"
"114","nube"
"115","nube"
"116","cieloDespejado"
"117","nube"
"118","cieloDespejado"
"119","nube"
"120","nube"
"121","nube"
"122","nube"
"123","nube"
"124","multinube"
"125","nube"
"126","multinube"
"127","nube"
"128","nube"
"129","nube"
"130","nube"
"131","nube"
"132","nube"
"133","nube"
"134","cieloDespejado"
"135","nube"
"136","multinube"
"137","multinube"
"138","nube"
"139","nube"
"140","nube"
"141","nube"
"142","nube"
"143","nube"
"144","multinube"
"145","multinube"
"146","nube"
"147","nube"
"148","multinube"
"149","nube"
"150","cieloDespejado"
"151","nube"
"152","cieloDespejado"
"153","nube"
"154","nube"
"155","nube"
"156","multinube"
"157","nube"
"158","multinube"
"159","multinube"
"160","nube"
"161","nube"
"162","nube"
"163","nube"
"164","nube"
"165","nube"
"166","nube"
"167","nube"
"168","nube"
"169","nube"
"170","nube"
"171","nube"
"172","multinube"
"173","multinube"
"174","multinube"
"175","nube"
"176","cieloDespejado"
"177","cieloDespejado"
"178","cieloDespejado"
"179","cieloDespejado"
