"","x"
"1","multinube"
"2","multinube"
"3","multinube"
"4","multinube"
"5","multinube"
"6","nube"
"7","nube"
"8","nube"
"9","nube"
"10","nube"
"11","nube"
"12","multinube"
"13","nube"
"14","nube"
"15","multinube"
"16","nube"
"17","nube"
"18","nube"
"19","nube"
"20","nube"
"21","nube"
"22","multinube"
"23","multinube"
"24","nube"
"25","nube"
"26","nube"
"27","nube"
"28","nube"
"29","nube"
"30","nube"
"31","nube"
"32","nube"
"33","nube"
"34","nube"
"35","nube"
"36","nube"
"37","nube"
"38","nube"
"39","nube"
"40","nube"
"41","nube"
"42","nube"
"43","nube"
"44","nube"
"45","multinube"
"46","nube"
"47","nube"
"48","nube"
"49","multinube"
"50","nube"
"51","nube"
"52","multinube"
"53","nube"
"54","nube"
"55","nube"
"56","nube"
"57","nube"
"58","nube"
"59","nube"
"60","nube"
"61","nube"
"62","nube"
"63","nube"
"64","nube"
"65","nube"
"66","nube"
"67","nube"
"68","multinube"
"69","nube"
"70","nube"
"71","cieloDespejado"
"72","multinube"
"73","nube"
"74","nube"
"75","nube"
"76","nube"
"77","cieloDespejado"
"78","nube"
"79","nube"
"80","nube"
"81","cieloDespejado"
"82","nube"
"83","nube"
"84","nube"
"85","nube"
"86","nube"
"87","nube"
"88","nube"
"89","nube"
"90","nube"
"91","multinube"
"92","nube"
"93","multinube"
"94","nube"
"95","multinube"
"96","multinube"
"97","nube"
"98","nube"
"99","multinube"
"100","multinube"
"101","nube"
"102","multinube"
"103","nube"
"104","cieloDespejado"
"105","multinube"
"106","multinube"
"107","nube"
"108","nube"
"109","nube"
"110","nube"
"111","nube"
"112","multinube"
"113","nube"
"114","cieloDespejado"
"115","multinube"
"116","cieloDespejado"
"117","multinube"
"118","multinube"
"119","multinube"
"120","nube"
"121","nube"
"122","multinube"
"123","nube"
"124","nube"
"125","nube"
"126","nube"
"127","cieloDespejado"
"128","nube"
"129","nube"
"130","multinube"
"131","nube"
"132","nube"
"133","nube"
"134","cieloDespejado"
"135","nube"
"136","cieloDespejado"
"137","nube"
"138","nube"
"139","nube"
"140","multinube"
"141","multinube"
"142","nube"
"143","nube"
"144","nube"
"145","multinube"
"146","nube"
"147","nube"
"148","cieloDespejado"
"149","nube"
"150","nube"
"151","nube"
"152","multinube"
"153","nube"
"154","nube"
"155","nube"
"156","multinube"
"157","nube"
"158","nube"
"159","nube"
"160","nube"
"161","multinube"
"162","nube"
"163","nube"
"164","nube"
"165","nube"
"166","multinube"
"167","nube"
"168","nube"
"169","multinube"
"170","nube"
"171","nube"
"172","nube"
"173","nube"
"174","multinube"
"175","nube"
"176","cieloDespejado"
"177","nube"
"178","cieloDespejado"
"179","nube"
"180","nube"
